f_lo_mhz,f_hi_mhz,label,n_beams,n_obs,n_hits
543.99995,544.00005,"empirical: 64 beams, 25 obs",64,25,1600
544.04495,544.04505,"empirical: 64 beams, 3 obs",64,3,112
544.07965,544.07975,"empirical: 64 beams, 3 obs",64,3,129
544.08015,544.08025,"empirical: 64 beams, 4 obs",64,4,250
544.08025,544.08035,"empirical: 64 beams, 3 obs",64,3,158
544.08095,544.08105,"empirical: 64 beams, 3 obs",64,3,161
548.00565,548.00575,"empirical: 64 beams, 5 obs",64,5,265
548.00575,548.00585,"empirical: 64 beams, 3 obs",64,3,136
548.00605,548.00615,"empirical: 64 beams, 3 obs",64,3,76
548.03335,548.03345,"empirical: 64 beams, 3 obs",64,3,180
548.03355,548.03365,"empirical: 64 beams, 6 obs",64,6,300
548.03365,548.03375,"empirical: 64 beams, 3 obs",64,3,192
548.03375,548.03385,"empirical: 64 beams, 5 obs",64,5,211
549.99585,549.99595,"empirical: 64 beams, 3 obs",64,3,192
549.99615,549.99625,"empirical: 64 beams, 3 obs",64,3,192
551.94745,551.94755,"empirical: 64 beams, 4 obs",64,4,256
551.94765,551.94775,"empirical: 64 beams, 7 obs",64,7,448
551.94775,551.94785,"empirical: 64 beams, 8 obs",64,8,512
551.94785,551.94795,"empirical: 64 beams, 5 obs",64,5,320
551.96545,551.96555,"empirical: 64 beams, 11 obs",64,11,704
551.96555,551.96565,"empirical: 64 beams, 4 obs",64,4,256
551.96565,551.96575,"empirical: 64 beams, 4 obs",64,4,256
551.96575,551.96585,"empirical: 64 beams, 4 obs",64,4,256
551.97235,551.97245,"empirical: 64 beams, 4 obs",64,4,256
551.97285,551.97295,"empirical: 64 beams, 3 obs",64,3,192
551.97315,551.97325,"empirical: 64 beams, 3 obs",64,3,192
551.97735,551.97745,"empirical: 64 beams, 4 obs",64,4,205
551.97895,551.97905,"empirical: 64 beams, 3 obs",64,3,192
551.98105,551.98115,"empirical: 64 beams, 4 obs",64,4,202
551.98115,551.98125,"empirical: 64 beams, 4 obs",64,4,256
551.98635,551.98645,"empirical: 64 beams, 3 obs",64,3,192
551.98645,551.98655,"empirical: 64 beams, 3 obs",64,3,192
551.98665,551.98675,"empirical: 64 beams, 3 obs",64,3,181
551.98675,551.98685,"empirical: 64 beams, 3 obs",64,3,192
551.98785,551.98795,"empirical: 64 beams, 4 obs",64,4,203
551.98955,551.98965,"empirical: 64 beams, 3 obs",64,3,192
551.98985,551.98995,"empirical: 64 beams, 3 obs",64,3,135
551.99235,551.99245,"empirical: 64 beams, 4 obs",64,4,200
551.99355,551.99365,"empirical: 64 beams, 3 obs",64,3,192
551.99365,551.99375,"empirical: 64 beams, 3 obs",64,3,192
551.99375,551.99385,"empirical: 64 beams, 4 obs",64,4,248
551.99395,551.99405,"empirical: 64 beams, 3 obs",64,3,192
551.99415,551.99425,"empirical: 64 beams, 5 obs",64,5,320
551.99935,551.99945,"empirical: 64 beams, 5 obs",64,5,319
551.99985,551.99995,"empirical: 64 beams, 3 obs",64,3,184
552.00025,552.00035,"empirical: 64 beams, 3 obs",64,3,103
558.39795,558.39805,"empirical: 62 beams, 4 obs",62,4,126
558.39835,558.39845,"empirical: 39 beams, 3 obs",39,3,41
558.39845,558.39855,"empirical: 64 beams, 5 obs",64,5,272
558.39855,558.39865,"empirical: 64 beams, 5 obs",64,5,205
558.39865,558.39875,"empirical: 64 beams, 6 obs",64,6,248
558.39875,558.39885,"empirical: 64 beams, 4 obs",64,4,180
558.39885,558.39895,"empirical: 64 beams, 8 obs",64,8,422
558.39905,558.39915,"empirical: 64 beams, 7 obs",64,7,376
558.39945,558.39955,"empirical: 64 beams, 6 obs",64,6,364
558.39965,558.39975,"empirical: 64 beams, 3 obs",64,3,188
559.25035,559.25045,"empirical: 64 beams, 39 obs",64,39,1939
560.03895,560.03905,"empirical: 44 beams, 4 obs",44,4,61
563.94645,563.94655,"empirical: 64 beams, 3 obs",64,3,192
563.94655,563.94665,"empirical: 64 beams, 7 obs",64,7,363
563.94665,563.94675,"empirical: 64 beams, 9 obs",64,9,507
563.96465,563.96475,"empirical: 64 beams, 9 obs",64,9,531
563.96475,563.96485,"empirical: 64 beams, 3 obs",64,3,82
563.96485,563.96495,"empirical: 64 beams, 5 obs",64,5,292
563.96495,563.96505,"empirical: 64 beams, 3 obs",64,3,192
563.96505,563.96515,"empirical: 64 beams, 4 obs",64,4,256
563.97175,563.97185,"empirical: 64 beams, 3 obs",64,3,149
563.97255,563.97265,"empirical: 64 beams, 3 obs",64,3,135
563.97825,563.97835,"empirical: 64 beams, 6 obs",64,6,368
563.97855,563.97865,"empirical: 64 beams, 4 obs",64,4,256
563.97865,563.97875,"empirical: 64 beams, 3 obs",64,3,152
563.98065,563.98075,"empirical: 64 beams, 4 obs",64,4,145
563.98085,563.98095,"empirical: 64 beams, 3 obs",64,3,130
563.98095,563.98105,"empirical: 64 beams, 3 obs",64,3,190
563.99355,563.99365,"empirical: 64 beams, 3 obs",64,3,115
563.99965,563.99975,"empirical: 64 beams, 4 obs",64,4,256
563.99995,564.00005,"empirical: 64 beams, 3 obs",64,3,110
564.00005,564.00015,"empirical: 64 beams, 3 obs",64,3,118
564.00035,564.00045,"empirical: 64 beams, 3 obs",64,3,191
564.04005,564.04015,"empirical: 64 beams, 3 obs",64,3,126
572.71485,572.71495,"empirical: 64 beams, 4 obs",64,4,196
572.71575,572.71585,"empirical: 64 beams, 6 obs",64,6,330
572.71585,572.71595,"empirical: 64 beams, 4 obs",64,4,199
572.71595,572.71605,"empirical: 64 beams, 3 obs",64,3,174
572.71605,572.71615,"empirical: 64 beams, 5 obs",64,5,264
572.71635,572.71645,"empirical: 64 beams, 4 obs",64,4,186
572.71645,572.71655,"empirical: 64 beams, 4 obs",64,4,146
572.71655,572.71665,"empirical: 64 beams, 3 obs",64,3,69
572.71775,572.71785,"empirical: 64 beams, 3 obs",64,3,192
573.32855,573.32865,"empirical: 64 beams, 4 obs",64,4,234
573.60065,573.60075,"empirical: 64 beams, 4 obs",64,4,191
573.87105,573.87115,"empirical: 64 beams, 4 obs",64,4,196
574.99335,574.99345,"empirical: 64 beams, 3 obs",64,3,139
574.99395,574.99405,"empirical: 64 beams, 3 obs",64,3,192
574.99445,574.99455,"empirical: 64 beams, 3 obs",64,3,192
574.99505,574.99515,"empirical: 64 beams, 3 obs",64,3,192
574.99595,574.99605,"empirical: 64 beams, 5 obs",64,5,320
574.99625,574.99635,"empirical: 64 beams, 4 obs",64,4,256
574.99745,574.99755,"empirical: 64 beams, 3 obs",64,3,192
574.99765,574.99775,"empirical: 64 beams, 3 obs",64,3,192
574.99835,574.99845,"empirical: 64 beams, 3 obs",64,3,192
575.00165,575.00175,"empirical: 64 beams, 3 obs",64,3,192
575.00195,575.00205,"empirical: 64 beams, 5 obs",64,5,320
575.00205,575.00215,"empirical: 64 beams, 3 obs",64,3,192
575.00255,575.00265,"empirical: 64 beams, 3 obs",64,3,192
575.96415,575.96425,"empirical: 64 beams, 18 obs",64,18,1008
575.96425,575.96435,"empirical: 64 beams, 12 obs",64,12,721
575.96445,575.96455,"empirical: 64 beams, 3 obs",64,3,184
575.96455,575.96465,"empirical: 64 beams, 3 obs",64,3,165
575.96465,575.96475,"empirical: 64 beams, 4 obs",64,4,209
575.97075,575.97085,"empirical: 64 beams, 5 obs",64,5,320
575.97095,575.97105,"empirical: 64 beams, 3 obs",64,3,151
575.97105,575.97115,"empirical: 64 beams, 3 obs",64,3,136
575.97115,575.97125,"empirical: 64 beams, 3 obs",64,3,192
575.97125,575.97135,"empirical: 64 beams, 5 obs",64,5,314
575.97135,575.97145,"empirical: 64 beams, 4 obs",64,4,189
575.97155,575.97165,"empirical: 64 beams, 6 obs",64,6,304
575.97255,575.97265,"empirical: 64 beams, 3 obs",64,3,188
575.97765,575.97775,"empirical: 64 beams, 8 obs",64,8,512
575.97775,575.97785,"empirical: 64 beams, 10 obs",64,10,624
575.97785,575.97795,"empirical: 64 beams, 6 obs",64,6,330
575.97805,575.97815,"empirical: 64 beams, 4 obs",64,4,256
575.97815,575.97825,"empirical: 64 beams, 5 obs",64,5,201
575.98035,575.98045,"empirical: 64 beams, 3 obs",64,3,192
575.98045,575.98055,"empirical: 64 beams, 9 obs",64,9,449
575.98055,575.98065,"empirical: 64 beams, 10 obs",64,10,508
575.98065,575.98075,"empirical: 64 beams, 10 obs",64,10,519
575.98075,575.98085,"empirical: 64 beams, 3 obs",64,3,171
575.98585,575.98595,"empirical: 64 beams, 3 obs",64,3,82
575.98605,575.98615,"empirical: 64 beams, 3 obs",64,3,166
575.98675,575.98685,"empirical: 64 beams, 20 obs",64,20,1220
575.98685,575.98695,"empirical: 64 beams, 5 obs",64,5,320
575.98705,575.98715,"empirical: 64 beams, 3 obs",64,3,105
575.98895,575.98905,"empirical: 64 beams, 4 obs",64,4,148
575.99195,575.99205,"empirical: 64 beams, 5 obs",64,5,213
575.99205,575.99215,"empirical: 64 beams, 8 obs",64,8,211
575.99215,575.99225,"empirical: 64 beams, 4 obs",64,4,212
575.99345,575.99355,"empirical: 64 beams, 3 obs",64,3,131
575.99375,575.99385,"empirical: 64 beams, 3 obs",64,3,192
575.99385,575.99395,"empirical: 64 beams, 3 obs",64,3,171
575.99425,575.99435,"empirical: 64 beams, 4 obs",64,4,72
575.99445,575.99455,"empirical: 64 beams, 11 obs",64,11,564
575.99455,575.99465,"empirical: 64 beams, 14 obs",64,14,735
575.99615,575.99625,"empirical: 64 beams, 3 obs",64,3,186
575.99745,575.99755,"empirical: 64 beams, 3 obs",64,3,190
575.99885,575.99895,"empirical: 64 beams, 4 obs",64,4,206
575.99905,575.99915,"empirical: 64 beams, 3 obs",64,3,141
575.99975,575.99985,"empirical: 64 beams, 5 obs",64,5,201
575.99995,576.00005,"empirical: 64 beams, 3 obs",64,3,191
576.00015,576.00025,"empirical: 64 beams, 3 obs",64,3,122
576.00035,576.00045,"empirical: 64 beams, 4 obs",64,4,130
576.00045,576.00055,"empirical: 64 beams, 4 obs",64,4,139
576.00165,576.00175,"empirical: 63 beams, 3 obs",63,3,67
576.03985,576.03995,"empirical: 64 beams, 3 obs",64,3,192
576.04005,576.04015,"empirical: 64 beams, 3 obs",64,3,192
576.04015,576.04025,"empirical: 64 beams, 3 obs",64,3,192
576.04045,576.04055,"empirical: 64 beams, 3 obs",64,3,183
576.04055,576.04065,"empirical: 64 beams, 3 obs",64,3,192
576.04065,576.04075,"empirical: 64 beams, 5 obs",64,5,320
576.04085,576.04095,"empirical: 64 beams, 3 obs",64,3,192
576.04195,576.04205,"empirical: 64 beams, 3 obs",64,3,192
576.04415,576.04425,"empirical: 64 beams, 3 obs",64,3,192
576.04475,576.04485,"empirical: 64 beams, 3 obs",64,3,131
576.04485,576.04495,"empirical: 64 beams, 3 obs",64,3,179
576.04505,576.04515,"empirical: 64 beams, 4 obs",64,4,209
576.04515,576.04525,"empirical: 64 beams, 4 obs",64,4,202
576.04635,576.04645,"empirical: 64 beams, 3 obs",64,3,144
576.04775,576.04785,"empirical: 64 beams, 3 obs",64,3,191
576.04815,576.04825,"empirical: 64 beams, 3 obs",64,3,192
576.04865,576.04875,"empirical: 64 beams, 3 obs",64,3,150
576.05015,576.05025,"empirical: 63 beams, 3 obs",63,3,189
577.99995,578.00005,"empirical: 64 beams, 26 obs",64,26,1664
587.03355,587.03365,"empirical: 64 beams, 3 obs",64,3,190
587.03425,587.03435,"empirical: 64 beams, 3 obs",64,3,192
587.03445,587.03455,"empirical: 64 beams, 4 obs",64,4,256
587.03455,587.03465,"empirical: 64 beams, 3 obs",64,3,192
587.03465,587.03475,"empirical: 64 beams, 4 obs",64,4,256
587.03485,587.03495,"empirical: 64 beams, 7 obs",64,7,448
587.03535,587.03545,"empirical: 64 beams, 3 obs",64,3,192
587.03565,587.03575,"empirical: 64 beams, 3 obs",64,3,192
587.94425,587.94435,"empirical: 63 beams, 9 obs",63,9,152
587.94435,587.94445,"empirical: 64 beams, 13 obs",64,13,475
587.94455,587.94465,"empirical: 64 beams, 5 obs",64,5,184
587.94475,587.94485,"empirical: 64 beams, 3 obs",64,3,67
587.96335,587.96345,"empirical: 64 beams, 8 obs",64,8,312
587.96345,587.96355,"empirical: 64 beams, 13 obs",64,13,616
587.96375,587.96385,"empirical: 64 beams, 3 obs",64,3,185
587.96395,587.96405,"empirical: 64 beams, 3 obs",64,3,130
587.97015,587.97025,"empirical: 64 beams, 4 obs",64,4,199
587.97035,587.97045,"empirical: 64 beams, 4 obs",64,4,228
587.97045,587.97055,"empirical: 64 beams, 3 obs",64,3,192
587.97055,587.97065,"empirical: 64 beams, 3 obs",64,3,186
587.97065,587.97075,"empirical: 64 beams, 4 obs",64,4,135
587.97085,587.97095,"empirical: 64 beams, 3 obs",64,3,156
587.97095,587.97105,"empirical: 64 beams, 3 obs",64,3,143
587.97715,587.97725,"empirical: 64 beams, 3 obs",64,3,146
587.97725,587.97735,"empirical: 64 beams, 9 obs",64,9,496
587.97735,587.97745,"empirical: 64 beams, 4 obs",64,4,195
587.97745,587.97755,"empirical: 64 beams, 3 obs",64,3,86
587.97755,587.97765,"empirical: 64 beams, 3 obs",64,3,135
587.97825,587.97835,"empirical: 64 beams, 3 obs",64,3,192
587.98005,587.98015,"empirical: 64 beams, 4 obs",64,4,196
587.98015,587.98025,"empirical: 64 beams, 3 obs",64,3,129
587.98025,587.98035,"empirical: 64 beams, 7 obs",64,7,328
587.98035,587.98045,"empirical: 64 beams, 5 obs",64,5,184
587.98045,587.98055,"empirical: 63 beams, 4 obs",63,4,104
587.98545,587.98555,"empirical: 64 beams, 5 obs",64,5,151
587.98555,587.98565,"empirical: 64 beams, 5 obs",64,5,274
587.98565,587.98575,"empirical: 64 beams, 6 obs",64,6,336
587.98575,587.98585,"empirical: 64 beams, 4 obs",64,4,256
587.98645,587.98655,"empirical: 64 beams, 16 obs",64,16,891
587.98665,587.98675,"empirical: 64 beams, 3 obs",64,3,120
587.98675,587.98685,"empirical: 64 beams, 4 obs",64,4,123
587.98685,587.98695,"empirical: 64 beams, 3 obs",64,3,192
587.98725,587.98735,"empirical: 64 beams, 4 obs",64,4,179
587.98895,587.98905,"empirical: 64 beams, 5 obs",64,5,276
587.98905,587.98915,"empirical: 64 beams, 5 obs",64,5,257
587.98915,587.98925,"empirical: 64 beams, 4 obs",64,4,243
587.99185,587.99195,"empirical: 64 beams, 16 obs",64,16,806
587.99195,587.99205,"empirical: 64 beams, 7 obs",64,7,383
587.99215,587.99225,"empirical: 64 beams, 3 obs",64,3,180
587.99245,587.99255,"empirical: 64 beams, 3 obs",64,3,192
587.99315,587.99325,"empirical: 64 beams, 3 obs",64,3,192
587.99325,587.99335,"empirical: 64 beams, 6 obs",64,6,382
587.99335,587.99345,"empirical: 64 beams, 8 obs",64,8,397
587.99375,587.99385,"empirical: 64 beams, 3 obs",64,3,148
588.04175,588.04185,"empirical: 54 beams, 3 obs",54,3,64
588.04285,588.04295,"empirical: 63 beams, 3 obs",63,3,127
592.04915,592.04925,"empirical: 64 beams, 3 obs",64,3,135
592.04935,592.04945,"empirical: 64 beams, 3 obs",64,3,142
599.24995,599.25005,"empirical: 64 beams, 16 obs",64,16,811
599.94285,599.94295,"empirical: 64 beams, 3 obs",64,3,192
599.94305,599.94315,"empirical: 64 beams, 3 obs",64,3,152
599.94315,599.94325,"empirical: 64 beams, 6 obs",64,6,384
599.94325,599.94335,"empirical: 64 beams, 9 obs",64,9,576
599.96245,599.96255,"empirical: 64 beams, 10 obs",64,10,636
599.96255,599.96265,"empirical: 64 beams, 4 obs",64,4,256
599.96265,599.96275,"empirical: 64 beams, 4 obs",64,4,191
599.96275,599.96285,"empirical: 64 beams, 3 obs",64,3,192
599.96285,599.96295,"empirical: 64 beams, 3 obs",64,3,192
599.96995,599.97005,"empirical: 64 beams, 3 obs",64,3,192
599.97075,599.97085,"empirical: 64 beams, 4 obs",64,4,256
599.97525,599.97535,"empirical: 64 beams, 3 obs",64,3,169
599.97635,599.97645,"empirical: 64 beams, 3 obs",64,3,141
599.97685,599.97695,"empirical: 64 beams, 4 obs",64,4,181
599.97705,599.97715,"empirical: 64 beams, 3 obs",64,3,191
599.97945,599.97955,"empirical: 64 beams, 3 obs",64,3,176
599.97965,599.97975,"empirical: 64 beams, 3 obs",64,3,133
599.98175,599.98185,"empirical: 64 beams, 3 obs",64,3,106
599.98285,599.98295,"empirical: 64 beams, 3 obs",64,3,141
599.98525,599.98535,"empirical: 64 beams, 3 obs",64,3,192
599.98545,599.98555,"empirical: 64 beams, 3 obs",64,3,192
599.98555,599.98565,"empirical: 64 beams, 4 obs",64,4,256
599.98865,599.98875,"empirical: 64 beams, 3 obs",64,3,149
599.98875,599.98885,"empirical: 64 beams, 3 obs",64,3,191
599.98895,599.98905,"empirical: 64 beams, 4 obs",64,4,194
599.99315,599.99325,"empirical: 64 beams, 3 obs",64,3,192
599.99355,599.99365,"empirical: 64 beams, 3 obs",64,3,130
599.99365,599.99375,"empirical: 64 beams, 6 obs",64,6,384
600.00035,600.00045,"empirical: 64 beams, 4 obs",64,4,256
600.11225,600.11235,"empirical: 64 beams, 4 obs",64,4,167
600.11255,600.11265,"empirical: 64 beams, 3 obs",64,3,156
601.35105,601.35115,"empirical: 64 beams, 3 obs",64,3,166
601.35185,601.35195,"empirical: 64 beams, 4 obs",64,4,249
601.35215,601.35225,"empirical: 64 beams, 3 obs",64,3,70
601.35245,601.35255,"empirical: 64 beams, 4 obs",64,4,202
601.35255,601.35265,"empirical: 64 beams, 3 obs",64,3,90
607.27585,607.27595,"empirical: 64 beams, 15 obs",64,15,357
608.05045,608.05055,"empirical: 64 beams, 3 obs",64,3,66
608.05105,608.05115,"empirical: 63 beams, 3 obs",63,3,104
608.05135,608.05145,"empirical: 60 beams, 3 obs",60,3,96
611.96935,611.96945,"empirical: 64 beams, 3 obs",64,3,177
611.98495,611.98505,"empirical: 64 beams, 4 obs",64,4,130
611.99155,611.99165,"empirical: 64 beams, 8 obs",64,8,355
611.99495,611.99505,"empirical: 64 beams, 3 obs",64,3,183
611.99545,611.99555,"empirical: 64 beams, 3 obs",64,3,159
613.19575,613.19585,"empirical: 64 beams, 3 obs",64,3,115
613.19585,613.19595,"empirical: 64 beams, 3 obs",64,3,103
613.19605,613.19615,"empirical: 64 beams, 4 obs",64,4,256
615.22375,615.22385,"empirical: 64 beams, 5 obs",64,5,315
615.22385,615.22395,"empirical: 64 beams, 18 obs",64,18,891
615.67035,615.67045,"empirical: 37 beams, 3 obs",37,3,46
615.67045,615.67055,"empirical: 64 beams, 3 obs",64,3,128
615.67155,615.67165,"empirical: 64 beams, 5 obs",64,5,269
623.94085,623.94095,"empirical: 55 beams, 4 obs",55,4,75
623.94095,623.94105,"empirical: 63 beams, 6 obs",63,6,121
623.96825,623.96835,"empirical: 64 beams, 3 obs",64,3,192
623.96835,623.96845,"empirical: 64 beams, 3 obs",64,3,192
623.96845,623.96855,"empirical: 64 beams, 3 obs",64,3,181
623.96855,623.96865,"empirical: 64 beams, 4 obs",64,4,203
623.96865,623.96875,"empirical: 64 beams, 3 obs",64,3,192
623.96875,623.96885,"empirical: 64 beams, 4 obs",64,4,256
623.96885,623.96895,"empirical: 64 beams, 5 obs",64,5,314
623.96895,623.96905,"empirical: 64 beams, 4 obs",64,4,198
623.96905,623.96915,"empirical: 64 beams, 3 obs",64,3,192
623.96915,623.96925,"empirical: 64 beams, 5 obs",64,5,320
623.96925,623.96935,"empirical: 64 beams, 3 obs",64,3,192
623.97425,623.97435,"empirical: 64 beams, 4 obs",64,4,76
623.97435,623.97445,"empirical: 58 beams, 3 obs",58,3,91
623.97455,623.97465,"empirical: 62 beams, 3 obs",62,3,114
623.98095,623.98105,"empirical: 63 beams, 4 obs",63,4,127
623.98435,623.98445,"empirical: 64 beams, 7 obs",64,7,387
623.98445,623.98455,"empirical: 64 beams, 3 obs",64,3,192
623.98455,623.98465,"empirical: 64 beams, 6 obs",64,6,313
623.98465,623.98475,"empirical: 64 beams, 8 obs",64,8,449
623.98475,623.98485,"empirical: 64 beams, 6 obs",64,6,262
623.98505,623.98515,"empirical: 64 beams, 3 obs",64,3,130
623.98515,623.98525,"empirical: 64 beams, 3 obs",64,3,192
623.98565,623.98575,"empirical: 64 beams, 3 obs",64,3,167
623.98645,623.98655,"empirical: 64 beams, 3 obs",64,3,75
623.98845,623.98855,"empirical: 64 beams, 4 obs",64,4,75
623.99275,623.99285,"empirical: 64 beams, 5 obs",64,5,318
623.99285,623.99295,"empirical: 64 beams, 8 obs",64,8,463
623.99295,623.99305,"empirical: 64 beams, 7 obs",64,7,448
623.99305,623.99315,"empirical: 64 beams, 4 obs",64,4,255
623.99315,623.99325,"empirical: 64 beams, 3 obs",64,3,192
623.99325,623.99335,"empirical: 64 beams, 3 obs",64,3,192
623.99925,623.99935,"empirical: 64 beams, 4 obs",64,4,256
623.99935,623.99945,"empirical: 64 beams, 3 obs",64,3,190
623.99945,623.99955,"empirical: 64 beams, 4 obs",64,4,193
623.99975,623.99985,"empirical: 64 beams, 5 obs",64,5,231
624.00005,624.00015,"empirical: 64 beams, 3 obs",64,3,192
624.00175,624.00185,"empirical: 64 beams, 4 obs",64,4,256
624.04545,624.04555,"empirical: 39 beams, 3 obs",39,3,51
624.04865,624.04875,"empirical: 64 beams, 4 obs",64,4,99
624.04885,624.04895,"empirical: 64 beams, 3 obs",64,3,178
624.99455,624.99465,"empirical: 64 beams, 3 obs",64,3,192
624.99465,624.99475,"empirical: 64 beams, 3 obs",64,3,192
624.99555,624.99565,"empirical: 64 beams, 4 obs",64,4,252
624.99565,624.99575,"empirical: 64 beams, 3 obs",64,3,192
624.99595,624.99605,"empirical: 64 beams, 3 obs",64,3,192
624.99745,624.99755,"empirical: 64 beams, 3 obs",64,3,192
624.99825,624.99835,"empirical: 64 beams, 4 obs",64,4,256
625.00075,625.00085,"empirical: 64 beams, 3 obs",64,3,192
625.00215,625.00225,"empirical: 64 beams, 5 obs",64,5,320
625.02075,625.02085,"empirical: 64 beams, 3 obs",64,3,158
625.02085,625.02095,"empirical: 64 beams, 3 obs",64,3,180
625.02095,625.02105,"empirical: 64 beams, 4 obs",64,4,235
625.02115,625.02125,"empirical: 64 beams, 5 obs",64,5,301
625.02125,625.02135,"empirical: 64 beams, 7 obs",64,7,368
625.02135,625.02145,"empirical: 64 beams, 6 obs",64,6,333
625.02195,625.02205,"empirical: 64 beams, 6 obs",64,6,236
625.02815,625.02825,"empirical: 64 beams, 3 obs",64,3,185
625.02825,625.02835,"empirical: 64 beams, 4 obs",64,4,230
625.02835,625.02845,"empirical: 64 beams, 11 obs",64,11,521
625.02845,625.02855,"empirical: 64 beams, 15 obs",64,15,816
625.02855,625.02865,"empirical: 64 beams, 6 obs",64,6,313
625.02865,625.02875,"empirical: 64 beams, 3 obs",64,3,179
629.98655,629.98665,"empirical: 64 beams, 3 obs",64,3,116
629.98845,629.98855,"empirical: 64 beams, 4 obs",64,4,237
629.98945,629.98955,"empirical: 64 beams, 3 obs",64,3,120
631.24815,631.24825,"empirical: 64 beams, 14 obs",64,14,414
635.99325,635.99335,"empirical: 64 beams, 3 obs",64,3,131
638.82175,638.82185,"empirical: 64 beams, 3 obs",64,3,127
638.82195,638.82205,"empirical: 62 beams, 3 obs",62,3,88
638.82205,638.82215,"empirical: 64 beams, 3 obs",64,3,125
639.24995,639.25005,"empirical: 64 beams, 3 obs",64,3,122
639.27585,639.27595,"empirical: 64 beams, 17 obs",64,17,315
640.03545,640.03555,"empirical: 34 beams, 4 obs",34,4,38
640.05305,640.05315,"empirical: 64 beams, 3 obs",64,3,132
644.30575,644.30585,"empirical: 59 beams, 3 obs",59,3,73
644.30655,644.30665,"empirical: 64 beams, 3 obs",64,3,84
644.30675,644.30685,"empirical: 64 beams, 3 obs",64,3,185
644.30685,644.30695,"empirical: 64 beams, 4 obs",64,4,193
644.30705,644.30715,"empirical: 64 beams, 5 obs",64,5,232
644.30725,644.30735,"empirical: 64 beams, 5 obs",64,5,319
644.30785,644.30795,"empirical: 64 beams, 3 obs",64,3,184
644.30825,644.30835,"empirical: 64 beams, 3 obs",64,3,191
645.99995,646.00005,"empirical: 64 beams, 26 obs",64,26,1664
647.22355,647.22365,"empirical: 64 beams, 22 obs",64,22,1232
647.24985,647.24995,"empirical: 64 beams, 23 obs",64,23,1357
647.93855,647.93865,"empirical: 64 beams, 5 obs",64,5,158
647.93865,647.93875,"empirical: 64 beams, 6 obs",64,6,336
647.93875,647.93885,"empirical: 64 beams, 7 obs",64,7,406
647.95945,647.95955,"empirical: 64 beams, 5 obs",64,5,227
647.95955,647.95965,"empirical: 64 beams, 3 obs",64,3,154
647.95965,647.95975,"empirical: 64 beams, 4 obs",64,4,117
647.95985,647.95995,"empirical: 64 beams, 4 obs",64,4,196
647.96765,647.96775,"empirical: 64 beams, 3 obs",64,3,192
647.96845,647.96855,"empirical: 64 beams, 3 obs",64,3,192
647.97345,647.97355,"empirical: 64 beams, 3 obs",64,3,144
647.97505,647.97515,"empirical: 64 beams, 4 obs",64,4,125
647.97525,647.97535,"empirical: 64 beams, 4 obs",64,4,158
647.97535,647.97545,"empirical: 64 beams, 4 obs",64,4,188
647.97775,647.97785,"empirical: 64 beams, 4 obs",64,4,192
647.97785,647.97795,"empirical: 64 beams, 3 obs",64,3,145
647.97795,647.97805,"empirical: 34 beams, 3 obs",34,3,43
647.98145,647.98155,"empirical: 64 beams, 3 obs",64,3,169
647.98405,647.98415,"empirical: 64 beams, 3 obs",64,3,124
647.98425,647.98435,"empirical: 64 beams, 3 obs",64,3,192
647.98435,647.98445,"empirical: 64 beams, 3 obs",64,3,189
647.98445,647.98455,"empirical: 64 beams, 4 obs",64,4,172
647.98515,647.98525,"empirical: 64 beams, 3 obs",64,3,132
647.98855,647.98865,"empirical: 62 beams, 3 obs",62,3,78
647.99295,647.99305,"empirical: 64 beams, 5 obs",64,5,320
647.99305,647.99315,"empirical: 64 beams, 3 obs",64,3,192
647.99315,647.99325,"empirical: 64 beams, 4 obs",64,4,256
647.99465,647.99475,"empirical: 64 beams, 3 obs",64,3,79
647.99955,647.99965,"empirical: 64 beams, 4 obs",64,4,171
648.00065,648.00075,"empirical: 64 beams, 5 obs",64,5,245
648.00105,648.00115,"empirical: 64 beams, 3 obs",64,3,70
650.02205,650.02215,"empirical: 64 beams, 3 obs",64,3,80
650.02285,650.02295,"empirical: 64 beams, 3 obs",64,3,149
656.24995,656.25005,"empirical: 57 beams, 8 obs",57,8,125
657.59855,657.59865,"empirical: 64 beams, 3 obs",64,3,132
657.63145,657.63155,"empirical: 64 beams, 6 obs",64,6,159
657.65745,657.65755,"empirical: 64 beams, 7 obs",64,7,132
657.66785,657.66795,"empirical: 64 beams, 3 obs",64,3,84
657.67995,657.68005,"empirical: 64 beams, 4 obs",64,4,166
657.68015,657.68025,"empirical: 58 beams, 8 obs",58,8,99
657.68025,657.68035,"empirical: 64 beams, 4 obs",64,4,172
657.76665,657.76675,"empirical: 64 beams, 5 obs",64,5,139
657.77365,657.77375,"empirical: 64 beams, 3 obs",64,3,86
657.79615,657.79625,"empirical: 64 beams, 6 obs",64,6,118
657.80655,657.80665,"empirical: 64 beams, 3 obs",64,3,80
657.86545,657.86555,"empirical: 64 beams, 3 obs",64,3,78
657.93825,657.93835,"empirical: 64 beams, 6 obs",64,6,99
657.94695,657.94705,"empirical: 64 beams, 3 obs",64,3,82
657.95565,657.95575,"empirical: 64 beams, 3 obs",64,3,80
657.96255,657.96265,"empirical: 64 beams, 5 obs",64,5,113
657.96775,657.96785,"empirical: 64 beams, 6 obs",64,6,156
657.97125,657.97135,"empirical: 64 beams, 5 obs",64,5,140
657.97985,657.97995,"empirical: 64 beams, 4 obs",64,4,93
657.98335,657.98345,"empirical: 64 beams, 3 obs",64,3,84
658.62265,658.62275,"empirical: 64 beams, 3 obs",64,3,121
658.62335,658.62345,"empirical: 35 beams, 3 obs",35,3,41
658.62345,658.62355,"empirical: 64 beams, 5 obs",64,5,113
658.62365,658.62375,"empirical: 64 beams, 3 obs",64,3,152
658.62415,658.62425,"empirical: 61 beams, 4 obs",61,4,96
658.62465,658.62475,"empirical: 64 beams, 4 obs",64,4,154
658.62495,658.62505,"empirical: 64 beams, 3 obs",64,3,77
658.62505,658.62515,"empirical: 64 beams, 3 obs",64,3,130
658.62525,658.62535,"empirical: 64 beams, 3 obs",64,3,74
658.62575,658.62585,"empirical: 64 beams, 3 obs",64,3,192
659.98345,659.98355,"empirical: 38 beams, 3 obs",38,3,45
659.98365,659.98375,"empirical: 64 beams, 4 obs",64,4,218
659.98505,659.98515,"empirical: 63 beams, 3 obs",63,3,91
659.99235,659.99245,"empirical: 64 beams, 5 obs",64,5,142
659.99245,659.99255,"empirical: 64 beams, 7 obs",64,7,239
659.99255,659.99265,"empirical: 63 beams, 5 obs",63,5,81
659.99285,659.99295,"empirical: 38 beams, 3 obs",38,3,41
662.39485,662.39495,"empirical: 64 beams, 3 obs",64,3,120
671.96655,671.96665,"empirical: 64 beams, 3 obs",64,3,136
671.98335,671.98345,"empirical: 64 beams, 5 obs",64,5,196
671.98355,671.98365,"empirical: 64 beams, 3 obs",64,3,85
671.98375,671.98385,"empirical: 64 beams, 3 obs",64,3,134
671.99275,671.99285,"empirical: 64 beams, 3 obs",64,3,192
671.99935,671.99945,"empirical: 64 beams, 3 obs",64,3,128
671.99975,671.99985,"empirical: 64 beams, 3 obs",64,3,134
671.99995,672.00005,"empirical: 64 beams, 4 obs",64,4,218
672.00015,672.00025,"empirical: 64 beams, 3 obs",64,3,176
672.05265,672.05275,"empirical: 62 beams, 4 obs",62,4,111
672.05345,672.05355,"empirical: 63 beams, 3 obs",63,3,118
674.99355,674.99365,"empirical: 64 beams, 3 obs",64,3,192
674.99445,674.99455,"empirical: 64 beams, 3 obs",64,3,192
674.99525,674.99535,"empirical: 64 beams, 4 obs",64,4,200
676.53815,676.53825,"empirical: 63 beams, 3 obs",63,3,123
676.53835,676.53845,"empirical: 40 beams, 5 obs",40,5,53
