row,obsid,sourceName,beam,frequency,driftRate,snr,n_beams,n_obs_at_freq,ra,dec
17894,MeerKAT:array_1:20250727T163815Z,ex_ASASSN-V_J193742.65-634909.7,21,2171.9577971380204,0.015811281682080274,77.38944,3,1,19.628514,-63.81936
16879,MeerKAT:array_1:20250703T213810Z,ex_ASASSN-V_J173718.57-444450.9,16,2098.1738241389394,-0.021081708909440364,73.92551,1,1,17.621824666666665,-44.74748
16874,MeerKAT:array_1:20250703T213810Z,ex_ASASSN-V_J173718.57-444450.9,16,2097.9828245472163,-0.021081708909440364,70.363205,1,1,17.621824666666665,-44.74748
16875,MeerKAT:array_1:20250703T213810Z,ex_ASASSN-V_J173718.57-444450.9,16,2098.005824489519,-0.021081708909440364,56.33531,1,1,17.621824666666665,-44.74748
21099,MeerKAT:array_1:20250724T180802Z,Gaia_5883175837640804352,9,2190.119974082336,-0.010540854454720182,49.836605,3,1,15.357728141842871,-57.22222239337716
16873,MeerKAT:array_1:20250703T213810Z,ex_ASASSN-V_J173718.57-444450.9,16,2097.922824556008,-0.021081708909440364,47.821037,1,1,17.621824666666665,-44.74748
20330,MeerKAT:array_1:20250720T164552Z,Gaia_6440709390598240896,19,2191.0422176588327,-0.005270427227360091,47.59423,4,1,19.655053814158247,-63.56563906534111
17895,MeerKAT:array_1:20250727T163815Z,Gaia_6440704060541711360,48,2171.9577971380204,0.015811281682080274,46.451523,3,1,19.667800719506214,-63.669433690393696
21135,MeerKAT:array_1:20250724T180802Z,Gaia_5883214904665310976,27,2190.119974082336,-0.010540854454720182,44.38786,3,1,15.34294504201932,-57.299540905097196
16876,MeerKAT:array_1:20250703T213810Z,ex_ASASSN-V_J173718.57-444450.9,16,2098.044824320823,-0.021081708909440364,44.040413,1,1,17.621824666666665,-44.74748
21191,MeerKAT:array_1:20250724T180802Z,Gaia_5883217069328868224,55,2190.119974082336,-0.010540854454720182,42.23857,3,1,15.348819223453154,-57.219322243639475
16877,MeerKAT:array_1:20250703T213810Z,ex_ASASSN-V_J173718.57-444450.9,16,2098.0518243741244,-0.021081708909440364,40.674984,1,1,17.621824666666665,-44.74748
17892,MeerKAT:array_1:20250727T163815Z,Gaia_6440687950121445632,14,2171.9577971380204,-0.015811281682080274,36.83193,1,1,19.678894608250324,-63.79734416553101
20392,MeerKAT:array_1:20250720T164552Z,Gaia_6441068071906599040,49,2190.8362188842148,-0.010540854454720182,36.599434,1,1,19.68305158076981,-63.6375180234808
17893,MeerKAT:array_1:20250727T163815Z,Gaia_6440701968894754944,16,2171.9577971380204,0.015811281682080274,35.13706,3,1,19.64568599099108,-63.77650370985313
20118,MeerKAT:array_1:20250720T164552Z,Gaia_6440690698900526336,22,2190.6383431050926,-0.005270427227360091,26.994736,4,1,19.668867914637147,-63.794436637211
20098,MeerKAT:array_1:20250720T164552Z,Gaia_6440706263862054016,17,2190.6383431050926,-0.005270427227360091,25.205992,4,1,19.648540291896435,-63.670993666798154
18064,MeerKAT:array_1:20250727T163815Z,Gaia_6440683891377314560,15,2183.3577970974147,0.015811281682080274,23.085451,2,1,19.645864272484435,-63.86122211199529
16872,MeerKAT:array_1:20250703T213810Z,ex_ASASSN-V_J173718.57-444450.9,16,2097.811824409291,-0.021081708909440364,20.99604,1,1,17.621824666666665,-44.74748
20200,MeerKAT:array_1:20250720T164552Z,Gaia_6441068174985814016,42,2190.6383431050926,-0.005270427227360091,20.427155,4,1,19.68412055588914,-63.62173691357908
18065,MeerKAT:array_1:20250727T163815Z,Gaia_6440701968894754944,16,2183.3577970974147,0.015811281682080274,20.423838,2,1,19.64568599099108,-63.77650370985313
20246,MeerKAT:array_1:20250720T164552Z,Gaia_6440682761800995072,53,2190.6383431050926,-0.005270427227360091,19.03491,4,1,19.64739031529793,-63.905134712219485
16123,MeerKAT:array_1:20250703T213810Z,ex_ASASSN-V_J173619.92-445345.2,25,2074.9975407961756,0.057974699500961,18.364208,4,1,17.605533333333334,-44.8959
16142,MeerKAT:array_1:20250703T213810Z,Gaia_5958264918356675712,44,2074.997545685619,0.026352136136800455,18.240465,2,1,17.597726868006006,-44.83280759393737
20229,MeerKAT:array_1:20250720T164552Z,Gaia_6441068071906599040,49,2190.6478807795793,-0.005270427227360091,17.758148,4,1,19.68305158076981,-63.6375180234808
16121,MeerKAT:array_1:20250703T213810Z,ex_ASASSN-V_J173724.73-444113.1,23,2074.9975407961756,0.057974699500961,17.265577,4,1,17.62354666666667,-44.686859999999996
20255,MeerKAT:array_1:20250720T164552Z,Gaia_6441452110702440064,55,2190.6478807795793,-0.005270427227360091,17.155323,4,1,19.62908197567369,-63.65271893923109
16154,MeerKAT:array_1:20250703T213810Z,Gaia_5955290979919928320,56,2074.9975407961756,0.057974699500961,17.121748,4,1,17.619044757635315,-44.65319637505388
3619,MeerKAT:array_1:20250703T213810Z,ex_ASASSN-V_J173706.23-443610.0,21,2008.0149515997618,-0.16865367127552292,16.926985,1,1,17.618395999999997,-44.60277
16141,MeerKAT:array_1:20250703T213810Z,Gaia_5955264905214958976,43,2074.9975407961756,0.057974699500961,16.672735,4,1,17.61559702365967,-44.83387357749015
20159,MeerKAT:array_1:20250720T164552Z,Gaia_6441452110702440448,32,2190.6478807795793,-0.005270427227360091,16.304752,4,1,19.628811004461205,-63.65467274883946
17420,MeerKAT:array_1:20250703T213810Z,Gaia_5958263788832175232,26,2172.162073198706,0.015811281682080274,16.179298,1,1,17.58956372176936,-44.87946098817457
20238,MeerKAT:array_1:20250720T164552Z,Gaia_6440699735511788544,51,2190.6478807795793,-0.005270427227360091,15.943311,4,1,19.627759531718347,-63.78503211456634
16110,MeerKAT:array_1:20250703T213810Z,ex_ASASSN-V_J173516.78-444618.3,12,2074.997545685619,0.026352136136800455,15.7467,2,1,17.587993333333333,-44.77176000000001
10138,MeerKAT:array_1:20250703T213810Z,ex_ASASSN-V_J173711.12-444221.8,14,2032.0178964175284,-0.10540854454720182,13.564481,1,1,17.619755333333337,-44.70606
17421,MeerKAT:array_1:20250703T213810Z,Gaia_5958262929838644608,27,2172.3639355041087,0.015811281682080274,13.480509,2,1,17.597698116731042,-44.90880649633782
17470,MeerKAT:array_1:20250708T000034Z,Gaia_6440683620794454784,24,2825.0155332498252,0.14757196236608255,11.742318,4,1,19.648266000836074,-63.878844581560664
17546,MeerKAT:array_1:20250708T000034Z,Gaia_6440702003254489088,62,2825.0155332498252,0.14757196236608255,11.524603,4,1,19.648413626149438,-63.76642775938528
17768,MeerKAT:array_1:20250727T054821Z,ex_LEDA_322320,1,2825.013166759163,-0.04743384504624082,11.331923,1,1,23.16938886666667,-64.475833
17430,MeerKAT:array_1:20250708T000034Z,Gaia_6440701212980532608,4,2825.0155332498252,0.14757196236608255,11.114618,4,1,19.635963942529234,-63.6919497533424
17422,MeerKAT:array_1:20250703T213810Z,Gaia_5958272619285602816,46,2172.3639355041087,0.015811281682080274,10.861091,2,1,17.593119489762707,-44.69092044247023
17772,MeerKAT:array_1:20250727T054821Z,ex_LEDA_323205,3,2825.0131716486067,-0.08432683563776146,10.714136,1,1,23.14663886666667,-64.387222
17891,MeerKAT:array_1:20250727T163815Z,J1939-6342,0,2171.757783042267,0.015811281682080274,10.613667,1,1,19.65695277777778,-63.71266666666667
16886,MeerKAT:array_1:20250703T213810Z,Gaia_5958269797441760512,58,2103.847826132551,-0.026352136136800455,10.532019,1,1,17.58430482103168,-44.692642046703675
20170,MeerKAT:array_1:20250720T164552Z,Gaia_6440696333897680640,35,2190.4339806642383,-0.005270427227360091,10.350529,1,1,19.634075757569132,-63.81471396984973
3569,MeerKAT:array_1:20250703T213810Z,Gaia_5958297839337412608,35,2000.0148930121213,-0.16865367127552292,10.195269,3,1,17.598878974900664,-44.5490026888365
1000,MeerKAT:array_1:20250703T213810Z,Gaia_5955293045843906304,28,1988.5923967231065,0.03689299059152064,10.1686945,2,1,17.6163712711633,-44.56028143261116
