family,n,band,band_frac,documented_frac,explained,median_freq_mhz,freq_iqr_mhz,freq_p5_p95_mhz,freq_span_mhz,median_abs_drift,median_snr,median_n_beams,n_obs
27,28365,GSM uplink,0.422915564956813,0.5100299665080205,True,887.9656598716974,39.97123213112354,66.69146263599396,152.13084480166435,0.03075228244096795,9.148992,53.0,143
1,26592,GSM downlink,0.9010980746089049,0.9531814079422383,True,929.9763997793198,6.0225999765098095,46.687811240553856,79.13190042972565,0.0,6.8706823,27.0,98
16,26098,GSM uplink,0.40796229596137634,0.4786190512682964,False,887.9667265415192,39.96432189643383,61.04488091170788,175.78758044540882,0.03075228244096795,28.533926,64.0,138
39,25676,GSM downlink,0.9997273718647764,0.9999610531235394,True,950.4426701813936,9.446883149445057,25.06407294049859,140.6344480663538,0.2460182595277436,19.509617,2.0,88
0,25649,GSM downlink,0.9194120628484541,0.9783617295021249,True,929.81065300107,5.6708520501852036,25.483599841594696,79.13389983773232,0.0,11.7549515,57.0,103
31,18785,GSM downlink,0.9997338301836571,1.0,True,950.4479094594717,9.431178867816925,25.024243026971817,106.84547637403011,0.25626902034139953,21.373648,2.0,89
2,17358,GSM downlink,0.8995852056688559,0.9520106002995736,True,929.8266530483961,5.907199934124947,46.67564418911934,79.13389983773232,0.0,8.792489,44.0,99
9,13103,GSM downlink,1.0,1.0,True,951.6382029652596,8.163590863347054,8.400003959238575,9.316409021615982,0.1127583689502158,34.996365,3.0,46
26,13083,aircraft transponders / DME,0.8533975387907973,0.9839486356340289,True,1002.2545607537031,32.62253874540329,72.00261257588863,191.70677930116653,0.05125380406827991,8.6758795,49.0,142
29,12695,GSM downlink,0.9987396612839701,0.9998424576604963,True,950.4184142053127,9.443357080221176,25.083093066513584,155.03514915704727,0.10250760813655982,17.540684,2.0,93
10,12472,GSM downlink,1.0,1.0,True,951.6382077485323,8.172264531254768,8.437975332140923,9.456102907657623,0.10250760813655982,30.458866,4.0,46
11,12165,GSM downlink,0.9999177969584875,1.0,True,951.6451355218887,8.187881916761398,8.472813183069206,82.09432154893875,0.08200608650924786,25.298534,3.0,57
28,11786,GSM downlink,0.9990666892923807,0.9995757678601731,True,950.4097333624959,24.888970479369164,25.095271039754152,168.3008322417736,0.10250760813655982,16.4106485,2.0,91
17,10401,aircraft transponders / DME,0.8490529756754158,0.983751562349774,True,983.9889274537563,32.95068401098251,71.9996389746666,165.42010463774204,0.0615045648819359,24.242044,64.0,129
37,9520,GSM downlink,0.9993697478991597,0.9997899159663866,True,950.418428555131,9.44156813621521,25.0744881182909,84.88583633303642,0.21526597708677564,18.506369499999998,2.0,88
32,8623,GSM downlink,0.9997680621593413,1.0,True,950.4236279726028,9.469338223338127,25.08313133269553,106.86727534234524,0.21526597708677564,16.417141,2.0,88
30,7041,GSM downlink,0.9953131657435024,0.9988637977560005,True,934.8426591157913,15.627683892846107,25.128193110227585,181.1381652802229,0.27677054196871154,9.870302,1.0,96
3,6516,GSM uplink,0.39088397790055246,0.7581338244321669,True,911.9788657277822,46.60961589217186,70.69777563214302,75.09003815054893,0.0,35.37059,64.0,90
25,5414,GSM uplink,0.27613594384927964,0.6087920206871075,True,911.9550466239452,83.42237809300423,166.24798710644245,211.2119275778532,0.15376141220483974,9.59488,40.0,137
20,5376,aircraft transponders / DME,0.5978422619047619,0.8223586309523809,True,983.9762820750475,85.50102938339114,167.998196169734,204.01762707531452,0.04100304325462393,74.16197500000001,64.0,141
14,5356,GSM uplink,0.2128454070201643,0.3554891710231516,False,894.1488099992275,50.00199304148555,61.01326507329941,175.788167193532,0.1230091297638718,25.672677999999998,64.0,138
38,4915,GSM downlink,0.958087487283825,0.9755849440488301,True,934.8358046859503,15.703989051282406,25.136872518062546,200.78329603374004,0.25626902034139953,9.092162,1.0,98
15,4861,aircraft transponders / DME,0.40547212507714464,0.7220736473976548,True,959.9519567042589,96.02244804799557,167.9901140332222,211.76268635690212,0.05125380406827991,14.061453,57.0,142
33,4758,GSM downlink,1.0,1.0,True,950.4426653981209,9.39999033510685,25.01216414719829,34.755291640758514,0.15376141220483974,21.3623585,2.0,88
4,4419,GSM downlink,0.9979633401221996,0.9979633401221996,True,935.4620004594326,0.46549853682518005,0.7803000658750534,61.146882608532906,0.0,561.73267,62.0,29
12,4216,GSM downlink,0.9997628083491461,1.0,True,951.6330075338483,0.13826289027929306,8.477572858333588,66.62440593540668,0.10250760813655982,10.9978345,2.0,57
8,3652,GSM downlink,1.0,1.0,True,951.6382013708353,8.182689674198627,8.509023434668734,9.553284659981728,0.0615045648819359,30.2354615,3.0,50
36,3067,GSM downlink,0.9996739484838605,1.0,True,950.4479190260172,9.4295549467206,25.048494857549713,58.76428183913231,0.1845136946458077,18.663902,2.0,87
7,3061,GSM downlink,1.0,1.0,True,951.626074180007,0.12827621400356293,8.379220798611641,9.574088707566261,0.20501521627311964,32.371964,2.0,46
13,2444,GSM downlink,0.08060556464811784,0.11865793780687398,False,924.9903656989336,50.00161476433277,50.01148743927479,66.03660389780998,0.16401217301849572,34.819712,64.0,70
6,2129,GSM downlink,0.9990605918271489,1.0,True,951.6260725855827,0.1265159696340561,9.189797705411934,107.51668912172318,0.1127583689502158,8.400474,1.0,69
34,2005,GSM downlink,0.9591022443890275,0.9875311720698254,True,950.3906855732203,24.876817777752876,25.13866943418975,175.9561573266983,0.4202811933598953,16.048265,1.0,91
24,1834,GSM uplink,0.3276990185387132,0.6701199563794984,True,901.5691855102777,80.77527031302452,167.55325669720764,204.00784687697887,0.21526597708677564,19.68684,23.0,76
35,1799,GSM downlink,0.9827682045580878,0.9927737632017788,True,950.4097166210413,24.895874336361885,25.11257110089059,151.23297986388206,0.4202811933598953,14.78431,1.0,92
19,1609,GSM downlink,0.05593536357986327,0.1124922311995028,False,874.997273132205,0.002018541097640991,59.66241782903671,168.03250658512115,0.07175532569559187,451.43903,64.0,84
23,1142,aircraft transponders / DME,0.6506129597197898,0.8590192644483362,True,992.0990445166826,65.9747099429369,183.97025553062554,204.00758858025074,0.14351065139118374,59.274325,45.0,65
22,1082,GSM uplink,0.47966728280961185,0.6146025878003697,True,899.5283559560776,39.00115253031254,107.59349413216114,198.0993969142437,0.2357674987140876,150.90518,19.0,19
21,858,GSM downlink,0.9766899766899767,1.0,True,951.2115956246853,0.10745542496442795,0.18026448935279404,115.61846734583378,0.05125380406827991,57.2408355,10.0,22
18,831,,0.0,0.0,False,874.9968123435974,0.001596018671989441,0.004209280014038086,50.00573794543743,0.15376141220483974,381.0056,64.0,35
5,633,GSM downlink,0.9984202211690363,1.0,True,935.5191159248352,0.20608411729335785,0.8297001123428345,40.05520248413086,0.0,148.2815,42.0,26
