file,row,obsid,sourceName,frequency,driftRate,snr,n_beams,f12_bandwidth_hz
mk_sample_hits,831,MeerKAT:array_1:20250712T092209Z,Gaia_4669732505729685632,874.9882423132658,-0.07061635227185231,13967.203,2,22.32193946838379
mk_sample_hits,833,MeerKAT:array_1:20250712T092209Z,Gaia_4668965390210943616,874.9882423132658,-0.07061635227185231,10838.745,2,22.32193946838379
mk_sample_hits,13705,MeerKAT:array_1:20250712T092209Z,Gaia_4669812357761441792,999.9898580908775,-0.0857484277586778,3919.5198,3,30.294060707092285
mk_sample_hits,13701,MeerKAT:array_1:20250712T092209Z,Gaia_4668954360734828672,999.9898580908775,-0.0857484277586778,3737.0317,3,31.888484954833984
mk_sample_hits,15051,MeerKAT:array_1:20240319T020710Z,Gaia_2537023579586481792,1537.2697827219963,-0.005044025162275165,3732.2256,1,9.566545486450195
mk_sample_hits,3027,MeerKAT:array_1:20250711T071356Z,Gaia_4669717868481145088,934.5666866004467,0.02017610064910066,1346.7734,1,14.349818229675293
mk_sample_hits,13721,MeerKAT:array_1:20250713T100933Z,Gaia_3394146185393249792,999.9895790666342,-0.19671698132873144,1174.6188,1,9.566545486450195
mk_sample_hits,1422,MeerKAT:array_1:20250711T071356Z,Gaia_4669698794530109440,892.246824502945,-0.19167295616645627,652.4108,1,19.13309097290039
mk_sample_hits,1017,MeerKAT:array_1:20250731T134912Z,ex_ASASSN-V_J160640.46-484323.8,874.9959401935339,-0.18662893100418113,372.29343,3,7.972121238708496
mk_sample_hits,1015,MeerKAT:array_1:20250731T134912Z,Gaia_5983581792059062400,874.9959401935339,-0.18662893100418113,365.6717,3,1.5944242477416992
mk_sample_hits,1016,MeerKAT:array_1:20250731T134912Z,ex_ASASSN-V_J160309.34-484321.8,874.9959401935339,-0.18662893100418113,363.56207,3,15.944242477416992
mk_sample_hits,14238,MeerKAT:array_1:20250701T185513Z,ex_LEDA_1915071,1031.989633858204,-0.07566037743412748,234.50438,3,28.699636459350586
mk_sample_hits,7902,MeerKAT:array_1:20250714T051258Z,Gaia_4669712955038486144,951.5320461988449,-0.005044025162275165,166.68806,1,28.699636459350586
mk_sample_hits,8074,MeerKAT:array_1:20250715T232237Z,Gaia_6440700903742898432,951.5671267211437,0.025220125811375827,160.55083,1,47.83272743225098
mk_sample_hits,13605,MeerKAT:array_1:20250701T095804Z,Gaia_4669709965741200640,999.9638115763664,-0.16645283035508046,121.66408,1,44.64387893676758
mk_sample_hits,3721,MeerKAT:array_1:20250702T203437Z,Gaia_6440636341794408448,947.5500003397465,0.015132075486825495,118.21019,1,39.86060619354248
mk_sample_hits,10100,MeerKAT:array_1:20250730T013301Z,ex_ASASSN-V_J051453.86-653244.5,951.5931365638971,-0.11096855357005364,86.49396,1,43.04945468902588
mk_sample_hits,3720,MeerKAT:array_1:20250702T203437Z,Gaia_6440698017524871552,947.549997150898,0.015132075486825495,79.893196,1,43.04945468902588
mk_sample_hits,9923,MeerKAT:array_1:20250723T000253Z,Gaia_6440707947487817472,951.6902083009481,-0.04539622646047649,63.055897,1,47.83272743225098
mk_sample_hits,14074,MeerKAT:array_1:20250701T085314Z,Gaia_4669719994488866048,1025.00711594522,0.05548427678502682,48.887104,1,43.04945468902588
mk_sample_hits,4345,MeerKAT:array_1:20250701T133303Z,Gaia_4669681172280380800,950.3439067602158,0.050440251622751654,47.205704,1,31.888484954833984
mk_sample_hits,9922,MeerKAT:array_1:20250723T000253Z,Gaia_6440707947487817472,951.4977836161852,0.07061635227185231,41.81186,1,47.83272743225098
mk_sample_hits,579,MeerKAT:array_1:20250701T085314Z,Gaia_4669816377850832640,872.0090749561787,-0.035308176135926156,38.95251,2,17.53866672515869
mk_sample_hits,2972,MeerKAT:array_1:20250711T071356Z,ex_2MASX_J04081510-6551410,925.1670757383108,0.20176100649100662,31.937677,1,41.45503044128418
mk_sample_hits,7604,MeerKAT:array_1:20250712T060917Z,Gaia_4669682374871238272,959.9889090806246,0.01008805032455033,30.578012,4,12.755393981933594
mk_sample_hits,1585,MeerKAT:array_1:20250720T073007Z,Gaia_5083268896339576448,887.9649997800589,0.09583647808322814,29.663338,3,30.294060707092285
mk_sample_hits,6377,MeerKAT:array_1:20250708T171220Z,ex_ASASSN-V_J185613.20-302204.0,950.9204936176538,0.1614088051928053,24.981339,1,4.783272743225098
mk_sample_hits,12852,MeerKAT:array_1:20250709T224008Z,Gaia_6440700903742898432,974.9952298998833,0.1311446542191543,24.885368,3,38.26618194580078
mk_sample_hits,7840,MeerKAT:array_1:20250713T071947Z,Gaia_4669818679953313024,959.7906695306301,0.005044025162275165,20.718748,1,30.294060707092285
mk_sample_hits,3176,MeerKAT:array_1:20250713T220240Z,Gaia_6441450323996056832,934.8548325449228,0.18158490584190595,20.647678,1,4.783272743225098
mk_sample_hits,2942,MeerKAT:array_1:20250710T164056Z,Gaia_6441062776211006336,924.9982549101114,0.20680503165328176,20.547586,2,4.783272743225098
mk_sample_hits,14119,MeerKAT:array_1:20250708T085539Z,ex_2MASX_J04393087-1834328,1023.9926411956549,-0.14123270454370462,19.564001,1,11.160969734191895
mk_sample_hits,5687,MeerKAT:array_1:20250706T120334Z,Gaia_3394157421027541888,959.7906663417816,0.01008805032455033,18.965473,1,9.566545486450195
mk_sample_hits,7955,MeerKAT:array_1:20250714T051258Z,Gaia_4669812151603011456,959.845147818327,-0.06052830194730198,18.622559,1,47.83272743225098
mk_sample_hits,5696,MeerKAT:array_1:20250706T120334Z,Gaia_3394258988414318720,959.7316901832819,0.20176100649100662,15.875194,1,3.1888484954833984
mk_sample_hits,4992,MeerKAT:array_1:20250704T161536Z,Gaia_6440698837861477632,950.5068043023348,0.1160125787323288,14.471226,2,1.5944242477416992
mk_sample_hits,3153,MeerKAT:array_1:20250713T071947Z,ex_LEDA_309795,934.8011323362589,0.015132075486825495,12.716658,1,1.5944242477416992
mk_sample_hits,2446,MeerKAT:array_1:20250701T055458Z,ex_UGC_224,934.7768875211477,-0.19167295616645627,12.005334,1,1.5944242477416992
mk_sample_hits,14147,MeerKAT:array_1:20250731T120456Z,Gaia_5423506550449429632,1022.646851465106,0.19167295616645627,11.737681,1,36.67175769805908
mk_sample_hits,2213,MeerKAT:array_1:20250713T100933Z,Gaia_3394243148575205120,911.9900266975164,0.04539622646047649,11.220955,3,19.13309097290039
mk_sample_hits,5771,MeerKAT:array_1:20250706T171757Z,Gaia_6440636509297697536,950.4426861256361,-0.09079245292095298,11.202567,1,4.783272743225098
mk_sample_hits,344,MeerKAT:array_1:20250713T100933Z,Gaia_3394189547383394944,864.0000093132257,0.19671698132873144,11.021797,4,1.5944242477416992
mk_sample_hits,2212,MeerKAT:array_1:20250713T100933Z,Gaia_3394151442433075968,911.9900266975164,0.04539622646047649,10.583791,3,20.72751522064209
mk_sample_hits,12882,MeerKAT:array_1:20250714T053348Z,Gaia_4669729482072672384,965.5730515569448,0.15636478003053011,10.482904,1,6.377696990966797
mk_sample_hits,2214,MeerKAT:array_1:20250713T100933Z,Gaia_3394240709033765888,911.9900266975164,0.04539622646047649,10.184358,3,19.13309097290039
mk_sample_hits,10756,MeerKAT:array_1:20250731T120456Z,Gaia_5422859075539363968,959.6953213661909,-0.04035220129820132,10.016951,1,1.5944242477416992
mk_sample_hits,13720,MeerKAT:array_1:20250713T100933Z,Gaia_3394161574259201792,1000.0515144765377,-0.16645283035508046,9.900715,3,20.72751522064209
mk_sample_hits,10608,MeerKAT:array_1:20250731T120456Z,Gaia_5423613512315103104,951.5342082381248,-0.10088050324550331,9.836444,1,46.23830318450928
mk_sample_hits,13719,MeerKAT:array_1:20250713T100933Z,Gaia_3394237994614490624,1000.051516070962,-0.1714968555173556,9.761954,1,20.72751522064209
mk_sample_hits,10484,MeerKAT:array_1:20250730T013301Z,ex_BSDL_1226,959.8780710846186,0.02017610064910066,9.380175,1,47.83272743225098
mk_sample_hits,13397,MeerKAT:array_1:20250720T073007Z,Gaia_5083281746881734912,987.937778994441,-0.09583647808322814,9.275577,1,9.566545486450195
mk_sample_hits,4267,MeerKAT:array_1:20250701T085314Z,Gaia_4669727145610415104,959.7646915763617,-0.07566037743412748,9.190116,1,23.91636371612549
mk_sample_hits,6789,MeerKAT:array_1:20250711T100558Z,Gaia_3394083410151330560,950.3074374943972,0.1311446542191543,8.758374,1,27.105212211608887
mk_sample_hits,13717,MeerKAT:array_1:20250713T100933Z,Gaia_3394124981138166656,1000.0515144765377,-0.16645283035508046,8.503798,3,3.1888484954833984
mk_sample_hits,1489,MeerKAT:array_1:20250713T100933Z,Gaia_3394141409389627520,887.9657969921827,0.18158490584190595,8.491049,1,1.5944242477416992
mk_sample_hits,3878,MeerKAT:array_1:20250701T053744Z,ex_LEDA_309474,950.7536945194006,-0.005044025162275165,8.37685,3,1.5944242477416992
mk_sample_hits,3598,MeerKAT:array_1:20250731T130553Z,Gaia_5422869967576843136,934.8427165150642,-0.0857484277586778,8.262381,1,1.5944242477416992
mk_sample_hits,12911,MeerKAT:array_1:20250723T000253Z,Gaia_6440630809876553856,965.5992495417595,0.2471572329514831,8.241392,1,7.972121238708496
mk_sample_hits,12685,MeerKAT:array_1:20250731T141132Z,Gaia_5931344858005392384,959.7421607673168,0.005044025162275165,8.182108,1,15.944242477416992
mk_sample_hits,9871,MeerKAT:array_1:20250720T114301Z,ex_LEDA_309322,959.9903137683868,0.08070440259640264,8.146324,1,17.53866672515869
mk_sample_hits,5653,MeerKAT:array_1:20250706T085909Z,Gaia_3394137973414302720,959.743834912777,-0.050440251622751654,8.108708,1,1.5944242477416992
mk_sample_hits,2462,MeerKAT:array_1:20250701T083536Z,ex_NVSS_J005900+002540,934.8548819720745,-0.18662893100418113,8.047652,1,3.1888484954833984
mk_sample_hits,9099,MeerKAT:array_1:20250719T204244Z,Gaia_6440703927399812608,955.5631046593189,0.005044025162275165,7.980466,2,1.5944242477416992
mk_sample_hits,2127,MeerKAT:array_1:20250708T171220Z,ex_ASASSN-V_J185536.70-300817.5,911.965651139617,-0.04035220129820132,7.696676,3,17.53866672515869
mk_sample_hits,2638,MeerKAT:array_1:20250705T204042Z,Gaia_6440687675243547648,934.7318003922701,-0.19671698132873144,7.560933,1,1.5944242477416992
mk_sample_hits,1744,MeerKAT:array_1:20250731T144023Z,Gaia_1468211519050493312,891.2876842468977,0.08070440259640264,7.463022,1,23.91636371612549
mk_sample_hits,2803,MeerKAT:array_1:20250708T085539Z,Gaia_2978699908726484352,925.4655519574881,0.09583647808322814,7.333907,1,6.377696990966797
mk_sample_hits,14793,MeerKAT:array_1:20240319T020710Z,Gaia_2531020417896983552,1247.4001604020596,-0.19671698132873144,7.3051305,1,33.482909202575684
mk_sample_hits,1310,MeerKAT:array_1:20250708T085539Z,Gaia_2978904280450535936,895.9935620427132,-0.12610062905687913,7.0791574,1,7.972121238708496
mk_sample_hits,3189,MeerKAT:array_1:20250714T051258Z,Gaia_4669776108237635328,924.9947089105844,0.09583647808322814,6.9410458,1,1.5944242477416992
mk_sample_hits,10022,MeerKAT:array_1:20250727T171701Z,Gaia_6440689324511005184,959.8877460509539,-0.02017610064910066,6.914557,1,15.944242477416992
mk_sample_hits,13328,MeerKAT:array_1:20250715T232237Z,Gaia_6440696574415849984,983.999364554882,-0.14123270454370462,6.905203,4,44.64387893676758
mk_sample_hits,12903,MeerKAT:array_1:20250720T073007Z,Gaia_5083283258710214400,974.9915196746588,-0.14123270454370462,6.716749,1,17.53866672515869
mk_sample_hits,3464,MeerKAT:array_1:20250722T155604Z,Gaia_6441460838075973888,934.809847459197,-0.17654088067963078,6.679588,2,4.783272743225098
mk_sample_hits,1392,MeerKAT:array_1:20250710T140151Z,ex_ASASSN-V_J110324.89-643852.7,887.992584913969,0.09079245292095298,6.557577,3,30.294060707092285
mk_sample_hits,5238,MeerKAT:array_1:20250705T141541Z,Gaia_4669776280036326272,959.8877348899841,-0.015132075486825495,6.557498,1,3.1888484954833984
mk_sample_hits,15101,MeerKAT:array_1:20240319T020710Z,Gaia_2531005849368549376,1696.7997955977917,0.08070440259640264,6.3202686,1,1.5944242477416992
mk_sample_hits,51,MeerKAT:array_1:20250701T085314Z,Gaia_4669720170583578368,864.7355363518,0.16645283035508046,6.2995634,1,33.482909202575684
mk_sample_hits,6717,MeerKAT:array_1:20250710T145421Z,Gaia_3631072867955624448,959.7906695306301,0.04035220129820132,6.2877717,1,23.91636371612549
mk_sample_hits,5447,MeerKAT:array_1:20250705T204042Z,Gaia_6441067449135162496,951.6902051120996,0.035308176135926156,6.231384,1,43.04945468902588
mk_sample_hits,13284,MeerKAT:array_1:20250712T092209Z,Gaia_4669713573513776384,987.9383226931095,-0.1614088051928053,6.1881666,2,3.1888484954833984
mk_sample_hits,3627,MeerKAT:array_1:20250731T141132Z,Gaia_5931571804095316480,934.8011291474104,0.03026415097365099,6.1282215,1,1.5944242477416992
mk_sample_hits,859,MeerKAT:array_1:20250713T100933Z,Gaia_3394146185393249792,872.01891733706,-0.09079245292095298,6.116793,2,1.5944242477416992
mk_sample_hits,14805,MeerKAT:array_1:20240319T020710Z,Gaia_2530941905895482240,1247.4382591694593,-0.19671698132873144,6.073389,1,46.23830318450928
mk_sample_hits,468,MeerKAT:array_1:20250720T114301Z,Gaia_4669719483388811904,864.0019895881414,0.18662893100418113,6.0551457,1,12.755393981933594
mk_sample_hits,1747,MeerKAT:array_1:20250731T144023Z,Gaia_1468188807263398016,892.8581985086203,-0.15636478003053011,6.031981,1,25.510787963867188
mk_sample_hits,13278,MeerKAT:array_1:20250712T092209Z,Gaia_4668965390210943616,983.960717305541,0.18158490584190595,6.0191493,1,1.5944242477416992
